,measureName,campaignName,time,measureValue
0,Vehicle.Body.Lights.IsHighBeamSwitchOn,TML_SANDBOX_SENSORS_TS,2024-08-07 11:36:15.226000000,0
1,Vehicle.Cabin.HVAC.AQILevel,TML_SANDBOX_SENSORS_TS,2024-08-07 11:36:15.317000000,0
2,Vehicle.Cabin.HVAC.AQIValue,TML_SANDBOX_SENSORS_TS,2024-08-07 11:36:15.317000000,3
3,Vehicle.Cabin.HVAC.AmbientAirTemperature,TML_SANDBOX_SENSORS_TS,2024-08-07 11:36:15.319000000,26.0
4,Vehicle.Cabin.HVAC.DominantPollutantValue,TML_SANDBOX_SENSORS_TS,2024-08-07 11:36:15.317000000,1
5,Vehicle.Cabin.HVAC.IsAirConditioningActive,TML_SANDBOX_SENSORS_TS,2024-08-07 11:36:15.319000000,1
6,Vehicle.Chassis.Accelerator.PedalPosition,TML_SANDBOX_SENSORS_TS,2024-08-07 11:36:15.323000000,0.0
7,Vehicle.Chassis.Axle.Row1.Wheel.Left.Tire.Pressure,TML_SANDBOX_SENSORS_TS,2024-08-07 11:36:15.290000000,0.0
8,Vehicle.Chassis.Axle.Row1.Wheel.Right.Tire.Pressure,TML_SANDBOX_SENSORS_TS,2024-08-07 11:36:15.290000000,0.0
9,Vehicle.Chassis.Axle.Row2.Wheel.Left.Tire.Pressure,TML_SANDBOX_SENSORS_TS,2024-08-07 11:36:15.290000000,0.0
10,Vehicle.Chassis.Axle.Row2.Wheel.Right.Tire.Pressure,TML_SANDBOX_SENSORS_TS,2024-08-07 11:36:15.290000000,0.0
11,Vehicle.Chassis.Brake.PedalPosition,TML_SANDBOX_SENSORS_TS,2024-08-07 11:36:15.323000000,1.0
12,Vehicle.Chassis.ParkingBrake.IsEngaged,TML_SANDBOX_SENSORS_TS,2024-08-07 11:36:15.313000000,1
13,Vehicle.IgnitionStatus,TML_SANDBOX_SENSORS_TS,2024-08-07 11:36:15.273000000,0.0
14,Vehicle.Exterior.AirTemperature,TML_SANDBOX_SENSORS_TS,2024-08-07 11:36:15.313000000,31.0
15,Vehicle.Powertrain.CombustionEngine.EngineError,TML_SANDBOX_SENSORS_TS,2024-08-07 11:36:15.794000000,0.0
16,Vehicle.Powertrain.CombustionEngine.Speed,TML_SANDBOX_SENSORS_TS,2024-08-07 11:36:15.323000000,849
17,Vehicle.Powertrain.FuelSystem.AbsoluteLevel,TML_SANDBOX_SENSORS_TS,2024-08-07 11:36:15.292000000,18.6
18,Vehicle.Powertrain.Transmission.CurrentGear,TML_SANDBOX_SENSORS_TS,2024-08-07 11:36:15.328000000,1
19,Vehicle.TraveledDistance,TML_SANDBOX_SENSORS_TS,2024-08-07 11:36:15.791000000,952135.0
20,Vehicle.TraveledDistanceStatus,TML_SANDBOX_SENSORS_TS,2024-08-07 11:36:15.791000000,0.0
21,Vehicle.Cabin.Seat.Row1.DriverSide.IsBelted,TML_SANDBOX_SENSORS_TS,2024-08-07 11:36:15.802000000,1
22,Vehicle.Cabin.Seat.Row1.PassengerSide.IsBelted,TML_SANDBOX_SENSORS_TS,2024-08-07 11:36:15.802000000,0
23,Vehicle.Cabin.Seat.Row2.DriverSide.IsBelted,TML_SANDBOX_SENSORS_TS,2024-08-07 11:36:15.802000000,0
24,Vehicle.Cabin.Seat.Row2.PassengerSide.IsBelted,TML_SANDBOX_SENSORS_TS,2024-08-07 11:36:15.802000000,1
25,Vehicle.Cabin.Seat.Row2.Middle.IsBelted,TML_SANDBOX_SENSORS_TS,2024-08-07 11:36:15.802000000,0
26,Vehicle.Cabin.Door.Row1.PassengerSide.IsOpen,TML_SANDBOX_SENSORS_TS,2024-08-07 11:36:15.226000000,0
27,Vehicle.Cabin.Door.Row1.DriverSide.IsOpen,TML_SANDBOX_SENSORS_TS,2024-08-07 11:36:15.226000000,0
28,Vehicle.Cabin.Door.Row2.PassengerSide.IsOpen,TML_SANDBOX_SENSORS_TS,2024-08-07 11:36:15.226000000,0
29,Vehicle.Cabin.Door.Row2.DriverSide.IsOpen,TML_SANDBOX_SENSORS_TS,2024-08-07 11:36:15.226000000,0
30,Vehicle.Body.Trunk.Rear.IsOpen,TML_SANDBOX_SENSORS_TS,2024-08-07 11:36:15.226000000,0
31,Vehicle.Body.Trunk.Front.IsOpen,TML_SANDBOX_SENSORS_TS,2024-08-07 11:36:15.226000000,1
32,Vehicle.Chassis.Axle.Row1.Wheel.Left.Tire.IsPressureHigh,TML_SANDBOX_SENSORS_TS,2024-08-07 11:36:15.311000000,0
33,Vehicle.Chassis.Axle.Row2.Wheel.Left.Tire.IsPressureHigh,TML_SANDBOX_SENSORS_TS,2024-08-07 11:36:15.311000000,0
34,Vehicle.Chassis.Axle.Row1.Wheel.Right.Tire.IsPressureHigh,TML_SANDBOX_SENSORS_TS,2024-08-07 11:36:15.311000000,0
35,Vehicle.Chassis.Axle.Row1.Wheel.Left.Tire.IsPressureLow,TML_SANDBOX_SENSORS_TS,2024-08-07 11:36:15.311000000,0
36,Vehicle.Chassis.Axle.Row2.Wheel.Left.Tire.IsPressureLow,TML_SANDBOX_SENSORS_TS,2024-08-07 11:36:15.311000000,0
37,Vehicle.Chassis.Axle.Row1.Wheel.Right.Tire.IsPressureLow,TML_SANDBOX_SENSORS_TS,2024-08-07 11:36:15.311000000,0
38,Vehicle.Chassis.Axle.Row2.Wheel.Right.Tire.IsPressureLow,TML_SANDBOX_SENSORS_TS,2024-08-07 11:36:15.311000000,0
39,Vehicle.Body.Lights.Hazard.IsSignaling,TML_SANDBOX_SENSORS_TS,2024-08-07 11:36:15.240000000,0
40,Vehicle.Body.Lights.Hazard.IsSignalingStatus,TML_SANDBOX_SENSORS_TS,2024-08-07 11:36:15.240000000,0
41,Vehicle.Body.Lights.PositionTelltale.IsSignaling,TML_SANDBOX_SENSORS_TS,2024-08-07 11:36:15.252000000,0
42,Vehicle.Body.Lights.PositionTelltale.IsSignalingStatus,TML_SANDBOX_SENSORS_TS,2024-08-07 11:36:15.252000000,0
43,Vehicle.Body.Lights.Approch.IsOn,TML_SANDBOX_SENSORS_TS,2024-08-07 11:36:15.240000000,0
44,Vehicle.Body.Lights.Approch.IsOnStatus,TML_SANDBOX_SENSORS_TS,2024-08-07 11:36:15.240000000,1
45,Vehicle.Body.Lights.Beam.Low.IsOn,TML_SANDBOX_SENSORS_TS,2024-08-07 11:36:15.240000000,0
46,Vehicle.Body.Lights.Beam.Low.IsOnStatus,TML_SANDBOX_SENSORS_TS,2024-08-07 11:36:15.240000000,0
47,Vehicle.Cabin.HVAC.IsAirConditioningActiveStatus,TML_SANDBOX_SENSORS_TS,2024-08-07 11:36:15.797000000,1
48,Vehicle.Cabin.HVAC.ComfortState,TML_SANDBOX_SENSORS_TS,2024-08-07 11:36:15.317000000,0
49,Vehicle.Cabin.HVAC.InteriorAirTemperature,TML_SANDBOX_SENSORS_TS,2024-08-07 11:36:15.321000000,16.0
50,Vehicle.Body.Lights.IsHighBeamSwitchOn,TML_SANDBOX_SENSORS_TS,2024-08-07 11:36:17.505000000,0
51,Vehicle.Cabin.HVAC.AQILevel,TML_SANDBOX_SENSORS_TS,2024-08-07 11:36:17.582000000,0
52,Vehicle.Cabin.HVAC.AQIValue,TML_SANDBOX_SENSORS_TS,2024-08-07 11:36:17.582000000,4
53,Vehicle.Cabin.HVAC.AmbientAirTemperature,TML_SANDBOX_SENSORS_TS,2024-08-07 11:36:17.586000000,26.0
54,Vehicle.Cabin.HVAC.DominantPollutantValue,TML_SANDBOX_SENSORS_TS,2024-08-07 11:36:17.582000000,1
55,Vehicle.Cabin.HVAC.IsAirConditioningActive,TML_SANDBOX_SENSORS_TS,2024-08-07 11:36:17.586000000,1
56,Vehicle.Chassis.Accelerator.PedalPosition,TML_SANDBOX_SENSORS_TS,2024-08-07 11:36:17.603000000,0.0
57,Vehicle.Chassis.Axle.Row1.Wheel.Left.Tire.Pressure,TML_SANDBOX_SENSORS_TS,2024-08-07 11:36:17.561000000,0.0
58,Vehicle.Chassis.Axle.Row1.Wheel.Right.Tire.Pressure,TML_SANDBOX_SENSORS_TS,2024-08-07 11:36:17.561000000,0.0
59,Vehicle.Chassis.Axle.Row2.Wheel.Left.Tire.Pressure,TML_SANDBOX_SENSORS_TS,2024-08-07 11:36:17.561000000,0.0
60,Vehicle.Chassis.Axle.Row2.Wheel.Right.Tire.Pressure,TML_SANDBOX_SENSORS_TS,2024-08-07 11:36:17.561000000,0.0
61,Vehicle.Chassis.Brake.PedalPosition,TML_SANDBOX_SENSORS_TS,2024-08-07 11:36:17.603000000,1.0
62,Vehicle.Chassis.ParkingBrake.IsEngaged,TML_SANDBOX_SENSORS_TS,2024-08-07 11:36:17.577000000,1
63,Vehicle.IgnitionStatus,TML_SANDBOX_SENSORS_TS,2024-08-07 11:36:17.540000000,0.0
64,Vehicle.Exterior.AirTemperature,TML_SANDBOX_SENSORS_TS,2024-08-07 11:36:17.577000000,31.0
65,Vehicle.Powertrain.CombustionEngine.EngineError,TML_SANDBOX_SENSORS_TS,2024-08-07 11:36:17.534000000,0.0
66,Vehicle.Powertrain.CombustionEngine.Speed,TML_SANDBOX_SENSORS_TS,2024-08-07 11:36:17.603000000,855
67,Vehicle.Powertrain.FuelSystem.AbsoluteLevel,TML_SANDBOX_SENSORS_TS,2024-08-07 11:36:17.564000000,18.6
68,Vehicle.Powertrain.Transmission.CurrentGear,TML_SANDBOX_SENSORS_TS,2024-08-07 11:36:17.610000000,1
69,Vehicle.TraveledDistance,TML_SANDBOX_SENSORS_TS,2024-08-07 11:36:17.590000000,952135.0
70,Vehicle.TraveledDistanceStatus,TML_SANDBOX_SENSORS_TS,2024-08-07 11:36:17.590000000,0.0
71,Vehicle.Cabin.Seat.Row1.DriverSide.IsBelted,TML_SANDBOX_SENSORS_TS,2024-08-07 11:36:17.537000000,1
72,Vehicle.Cabin.Seat.Row1.PassengerSide.IsBelted,TML_SANDBOX_SENSORS_TS,2024-08-07 11:36:17.537000000,0
73,Vehicle.Cabin.Seat.Row2.DriverSide.IsBelted,TML_SANDBOX_SENSORS_TS,2024-08-07 11:36:17.537000000,0
74,Vehicle.Cabin.Seat.Row2.PassengerSide.IsBelted,TML_SANDBOX_SENSORS_TS,2024-08-07 11:36:17.537000000,1
75,Vehicle.Cabin.Seat.Row2.Middle.IsBelted,TML_SANDBOX_SENSORS_TS,2024-08-07 11:36:17.537000000,0
76,Vehicle.Cabin.Door.Row1.PassengerSide.IsOpen,TML_SANDBOX_SENSORS_TS,2024-08-07 11:36:17.505000000,0
77,Vehicle.Cabin.Door.Row1.DriverSide.IsOpen,TML_SANDBOX_SENSORS_TS,2024-08-07 11:36:17.505000000,0
78,Vehicle.Cabin.Door.Row2.PassengerSide.IsOpen,TML_SANDBOX_SENSORS_TS,2024-08-07 11:36:17.505000000,0
79,Vehicle.Cabin.Door.Row2.DriverSide.IsOpen,TML_SANDBOX_SENSORS_TS,2024-08-07 11:36:17.505000000,0
80,Vehicle.Body.Trunk.Rear.IsOpen,TML_SANDBOX_SENSORS_TS,2024-08-07 11:36:17.505000000,0
81,Vehicle.Body.Trunk.Front.IsOpen,TML_SANDBOX_SENSORS_TS,2024-08-07 11:36:17.505000000,1
82,Vehicle.Chassis.Axle.Row1.Wheel.Left.Tire.IsPressureHigh,TML_SANDBOX_SENSORS_TS,2024-08-07 11:36:17.572000000,0
83,Vehicle.Chassis.Axle.Row2.Wheel.Left.Tire.IsPressureHigh,TML_SANDBOX_SENSORS_TS,2024-08-07 11:36:17.572000000,0
84,Vehicle.Chassis.Axle.Row1.Wheel.Right.Tire.IsPressureHigh,TML_SANDBOX_SENSORS_TS,2024-08-07 11:36:17.572000000,0
85,Vehicle.Chassis.Axle.Row1.Wheel.Left.Tire.IsPressureLow,TML_SANDBOX_SENSORS_TS,2024-08-07 11:36:17.572000000,0
86,Vehicle.Chassis.Axle.Row2.Wheel.Left.Tire.IsPressureLow,TML_SANDBOX_SENSORS_TS,2024-08-07 11:36:17.572000000,0
87,Vehicle.Chassis.Axle.Row1.Wheel.Right.Tire.IsPressureLow,TML_SANDBOX_SENSORS_TS,2024-08-07 11:36:17.572000000,0
88,Vehicle.Chassis.Axle.Row2.Wheel.Right.Tire.IsPressureLow,TML_SANDBOX_SENSORS_TS,2024-08-07 11:36:17.572000000,0
89,Vehicle.Body.Lights.Hazard.IsSignaling,TML_SANDBOX_SENSORS_TS,2024-08-07 11:36:17.511000000,0
90,Vehicle.Body.Lights.Hazard.IsSignalingStatus,TML_SANDBOX_SENSORS_TS,2024-08-07 11:36:17.511000000,0
91,Vehicle.Body.Lights.PositionTelltale.IsSignaling,TML_SANDBOX_SENSORS_TS,2024-08-07 11:36:17.527000000,0
92,Vehicle.Body.Lights.PositionTelltale.IsSignalingStatus,TML_SANDBOX_SENSORS_TS,2024-08-07 11:36:17.527000000,0
93,Vehicle.Body.Lights.Approch.IsOn,TML_SANDBOX_SENSORS_TS,2024-08-07 11:36:17.511000000,0
94,Vehicle.Body.Lights.Approch.IsOnStatus,TML_SANDBOX_SENSORS_TS,2024-08-07 11:36:17.511000000,1
95,Vehicle.Body.Lights.Beam.Low.IsOn,TML_SANDBOX_SENSORS_TS,2024-08-07 11:36:17.511000000,0
96,Vehicle.Body.Lights.Beam.Low.IsOnStatus,TML_SANDBOX_SENSORS_TS,2024-08-07 11:36:17.511000000,0
97,Vehicle.Cabin.HVAC.IsAirConditioningActiveStatus,TML_SANDBOX_SENSORS_TS,2024-08-07 11:36:17.531000000,1
98,Vehicle.Cabin.HVAC.ComfortState,TML_SANDBOX_SENSORS_TS,2024-08-07 11:36:17.583000000,0
99,Vehicle.Cabin.HVAC.InteriorAirTemperature,TML_SANDBOX_SENSORS_TS,2024-08-07 11:36:17.588000000,16.0
100,Vehicle.Body.Lights.IsHighBeamSwitchOn,TML_SANDBOX_SENSORS_TS,2024-08-07 11:36:19.231000000,0
101,Vehicle.Cabin.HVAC.AQILevel,TML_SANDBOX_SENSORS_TS,2024-08-07 11:36:19.311000000,0
102,Vehicle.Cabin.HVAC.AQIValue,TML_SANDBOX_SENSORS_TS,2024-08-07 11:36:19.311000000,4
103,Vehicle.Cabin.HVAC.AmbientAirTemperature,TML_SANDBOX_SENSORS_TS,2024-08-07 11:36:19.315000000,26.0
104,Vehicle.Cabin.HVAC.DominantPollutantValue,TML_SANDBOX_SENSORS_TS,2024-08-07 11:36:19.311000000,1
105,Vehicle.Cabin.HVAC.IsAirConditioningActive,TML_SANDBOX_SENSORS_TS,2024-08-07 11:36:19.315000000,1
106,Vehicle.Chassis.Accelerator.PedalPosition,TML_SANDBOX_SENSORS_TS,2024-08-07 11:36:19.317000000,0.0
107,Vehicle.Chassis.Axle.Row1.Wheel.Left.Tire.Pressure,TML_SANDBOX_SENSORS_TS,2024-08-07 11:36:19.262000000,0.0
108,Vehicle.Chassis.Axle.Row1.Wheel.Right.Tire.Pressure,TML_SANDBOX_SENSORS_TS,2024-08-07 11:36:19.262000000,0.0
109,Vehicle.Chassis.Axle.Row2.Wheel.Left.Tire.Pressure,TML_SANDBOX_SENSORS_TS,2024-08-07 11:36:19.262000000,0.0
110,Vehicle.Chassis.Axle.Row2.Wheel.Right.Tire.Pressure,TML_SANDBOX_SENSORS_TS,2024-08-07 11:36:19.262000000,0.0
111,Vehicle.Chassis.Brake.PedalPosition,TML_SANDBOX_SENSORS_TS,2024-08-07 11:36:19.317000000,1.0
112,Vehicle.Chassis.ParkingBrake.IsEngaged,TML_SANDBOX_SENSORS_TS,2024-08-07 11:36:19.309000000,1
113,Vehicle.IgnitionStatus,TML_SANDBOX_SENSORS_TS,2024-08-07 11:36:19.253000000,0.0
114,Vehicle.Exterior.AirTemperature,TML_SANDBOX_SENSORS_TS,2024-08-07 11:36:19.309000000,31.0
115,Vehicle.Powertrain.CombustionEngine.EngineError,TML_SANDBOX_SENSORS_TS,2024-08-07 11:36:19.817000000,0.0
116,Vehicle.Powertrain.CombustionEngine.Speed,TML_SANDBOX_SENSORS_TS,2024-08-07 11:36:19.317000000,850
117,Vehicle.Powertrain.FuelSystem.AbsoluteLevel,TML_SANDBOX_SENSORS_TS,2024-08-07 11:36:19.269000000,18.6
118,Vehicle.Powertrain.Transmission.CurrentGear,TML_SANDBOX_SENSORS_TS,2024-08-07 11:36:19.281000000,1
119,Vehicle.TraveledDistance,TML_SANDBOX_SENSORS_TS,2024-08-07 11:36:19.797000000,952135.0
120,Vehicle.Service.IsServiceDueAlert,TML_SANDBOX_SENSORS_TS,2024-08-07 11:36:18.137000000,1
121,Vehicle.TraveledDistanceStatus,TML_SANDBOX_SENSORS_TS,2024-08-07 11:36:19.797000000,0.0
122,Vehicle.Cabin.Seat.Row1.DriverSide.IsBelted,TML_SANDBOX_SENSORS_TS,2024-08-07 11:36:19.250000000,1
123,Vehicle.Cabin.Seat.Row1.PassengerSide.IsBelted,TML_SANDBOX_SENSORS_TS,2024-08-07 11:36:19.250000000,0
124,Vehicle.Cabin.Seat.Row2.DriverSide.IsBelted,TML_SANDBOX_SENSORS_TS,2024-08-07 11:36:19.250000000,0
125,Vehicle.Cabin.Seat.Row2.PassengerSide.IsBelted,TML_SANDBOX_SENSORS_TS,2024-08-07 11:36:19.250000000,1
126,Vehicle.Cabin.Seat.Row2.Middle.IsBelted,TML_SANDBOX_SENSORS_TS,2024-08-07 11:36:19.250000000,0
127,Vehicle.Cabin.Door.Row1.PassengerSide.IsOpen,TML_SANDBOX_SENSORS_TS,2024-08-07 11:36:19.231000000,0
128,Vehicle.Cabin.Door.Row1.DriverSide.IsOpen,TML_SANDBOX_SENSORS_TS,2024-08-07 11:36:19.231000000,0
129,Vehicle.Cabin.Door.Row2.PassengerSide.IsOpen,TML_SANDBOX_SENSORS_TS,2024-08-07 11:36:19.231000000,1
130,Vehicle.Cabin.Door.Row2.DriverSide.IsOpen,TML_SANDBOX_SENSORS_TS,2024-08-07 11:36:19.231000000,0
131,Vehicle.Body.Trunk.Rear.IsOpen,TML_SANDBOX_SENSORS_TS,2024-08-07 11:36:19.231000000,0
132,Vehicle.Body.Trunk.Front.IsOpen,TML_SANDBOX_SENSORS_TS,2024-08-07 11:36:19.231000000,1
133,Vehicle.Chassis.Axle.Row1.Wheel.Left.Tire.IsPressureHigh,TML_SANDBOX_SENSORS_TS,2024-08-07 11:36:19.305000000,0
134,Vehicle.Chassis.Axle.Row2.Wheel.Left.Tire.IsPressureHigh,TML_SANDBOX_SENSORS_TS,2024-08-07 11:36:19.305000000,0
135,Vehicle.Chassis.Axle.Row1.Wheel.Right.Tire.IsPressureHigh,TML_SANDBOX_SENSORS_TS,2024-08-07 11:36:19.305000000,0
136,Vehicle.Chassis.Axle.Row1.Wheel.Left.Tire.IsPressureLow,TML_SANDBOX_SENSORS_TS,2024-08-07 11:36:19.305000000,0
137,Vehicle.Chassis.Axle.Row2.Wheel.Left.Tire.IsPressureLow,TML_SANDBOX_SENSORS_TS,2024-08-07 11:36:19.305000000,0
138,Vehicle.Chassis.Axle.Row1.Wheel.Right.Tire.IsPressureLow,TML_SANDBOX_SENSORS_TS,2024-08-07 11:36:19.305000000,0
139,Vehicle.Chassis.Axle.Row2.Wheel.Right.Tire.IsPressureLow,TML_SANDBOX_SENSORS_TS,2024-08-07 11:36:19.305000000,0
140,Vehicle.Body.Lights.Hazard.IsSignaling,TML_SANDBOX_SENSORS_TS,2024-08-07 11:36:19.236000000,0
141,Vehicle.Body.Lights.Hazard.IsSignalingStatus,TML_SANDBOX_SENSORS_TS,2024-08-07 11:36:19.236000000,0
142,Vehicle.Body.Lights.PositionTelltale.IsSignaling,TML_SANDBOX_SENSORS_TS,2024-08-07 11:36:19.238000000,0
143,Vehicle.Body.Lights.PositionTelltale.IsSignalingStatus,TML_SANDBOX_SENSORS_TS,2024-08-07 11:36:19.238000000,0
144,Vehicle.Body.Lights.Approch.IsOn,TML_SANDBOX_SENSORS_TS,2024-08-07 11:36:19.236000000,0
145,Vehicle.Body.Lights.Approch.IsOnStatus,TML_SANDBOX_SENSORS_TS,2024-08-07 11:36:19.236000000,1
146,Vehicle.Body.Lights.Beam.Low.IsOn,TML_SANDBOX_SENSORS_TS,2024-08-07 11:36:19.236000000,0
147,Vehicle.Body.Lights.Beam.Low.IsOnStatus,TML_SANDBOX_SENSORS_TS,2024-08-07 11:36:19.236000000,0
148,Vehicle.Cabin.HVAC.IsAirConditioningActiveStatus,TML_SANDBOX_SENSORS_TS,2024-08-07 11:36:19.809000000,1
149,Vehicle.Cabin.HVAC.ComfortState,TML_SANDBOX_SENSORS_TS,2024-08-07 11:36:19.313000000,0
150,Vehicle.Cabin.HVAC.InteriorAirTemperature,TML_SANDBOX_SENSORS_TS,2024-08-07 11:36:19.321000000,16.0
151,Vehicle.Body.Lights.IsHighBeamSwitchOn,TML_SANDBOX_SENSORS_TS,2024-08-07 11:36:21.516000000,0
152,Vehicle.Cabin.HVAC.AQILevel,TML_SANDBOX_SENSORS_TS,2024-08-07 11:36:21.602000000,0
153,Vehicle.Cabin.HVAC.AQIValue,TML_SANDBOX_SENSORS_TS,2024-08-07 11:36:21.602000000,4
154,Vehicle.Cabin.HVAC.AmbientAirTemperature,TML_SANDBOX_SENSORS_TS,2024-08-07 11:36:21.606000000,26.0
155,Vehicle.Cabin.HVAC.DominantPollutantValue,TML_SANDBOX_SENSORS_TS,2024-08-07 11:36:21.602000000,1
156,Vehicle.Cabin.HVAC.IsAirConditioningActive,TML_SANDBOX_SENSORS_TS,2024-08-07 11:36:21.606000000,1
157,Vehicle.Chassis.Accelerator.PedalPosition,TML_SANDBOX_SENSORS_TS,2024-08-07 11:36:21.613000000,0.0
158,Vehicle.Chassis.Axle.Row1.Wheel.Left.Tire.Pressure,TML_SANDBOX_SENSORS_TS,2024-08-07 11:36:21.581000000,0.0
159,Vehicle.Chassis.Axle.Row1.Wheel.Right.Tire.Pressure,TML_SANDBOX_SENSORS_TS,2024-08-07 11:36:21.581000000,0.0
160,Vehicle.Chassis.Axle.Row2.Wheel.Left.Tire.Pressure,TML_SANDBOX_SENSORS_TS,2024-08-07 11:36:21.581000000,0.0
161,Vehicle.Chassis.Axle.Row2.Wheel.Right.Tire.Pressure,TML_SANDBOX_SENSORS_TS,2024-08-07 11:36:21.581000000,0.0
162,Vehicle.Chassis.Brake.PedalPosition,TML_SANDBOX_SENSORS_TS,2024-08-07 11:36:21.613000000,1.0
163,Vehicle.Chassis.ParkingBrake.IsEngaged,TML_SANDBOX_SENSORS_TS,2024-08-07 11:36:21.600000000,1
164,Vehicle.IgnitionStatus,TML_SANDBOX_SENSORS_TS,2024-08-07 11:36:21.554000000,0.0
165,Vehicle.Exterior.AirTemperature,TML_SANDBOX_SENSORS_TS,2024-08-07 11:36:21.600000000,31.0
166,Vehicle.Powertrain.CombustionEngine.EngineError,TML_SANDBOX_SENSORS_TS,2024-08-07 11:36:21.545000000,0.0
167,Vehicle.Powertrain.CombustionEngine.Speed,TML_SANDBOX_SENSORS_TS,2024-08-07 11:36:21.613000000,841
168,Vehicle.Powertrain.FuelSystem.AbsoluteLevel,TML_SANDBOX_SENSORS_TS,2024-08-07 11:36:21.582000000,18.6
169,Vehicle.Powertrain.Transmission.CurrentGear,TML_SANDBOX_SENSORS_TS,2024-08-07 11:36:21.616000000,1
170,Vehicle.TraveledDistance,TML_SANDBOX_SENSORS_TS,2024-08-07 11:36:21.623000000,952135.0
171,Vehicle.TraveledDistanceStatus,TML_SANDBOX_SENSORS_TS,2024-08-07 11:36:21.623000000,0.0
172,Vehicle.Cabin.Seat.Row1.DriverSide.IsBelted,TML_SANDBOX_SENSORS_TS,2024-08-07 11:36:21.551000000,1
173,Vehicle.Cabin.Seat.Row1.PassengerSide.IsBelted,TML_SANDBOX_SENSORS_TS,2024-08-07 11:36:21.551000000,0
174,Vehicle.Cabin.Seat.Row2.DriverSide.IsBelted,TML_SANDBOX_SENSORS_TS,2024-08-07 11:36:21.551000000,0
175,Vehicle.Cabin.Seat.Row2.PassengerSide.IsBelted,TML_SANDBOX_SENSORS_TS,2024-08-07 11:36:21.551000000,1
176,Vehicle.Cabin.Seat.Row2.Middle.IsBelted,TML_SANDBOX_SENSORS_TS,2024-08-07 11:36:21.551000000,0
177,Vehicle.Cabin.Door.Row1.PassengerSide.IsOpen,TML_SANDBOX_SENSORS_TS,2024-08-07 11:36:21.516000000,0
178,Vehicle.Cabin.Door.Row1.DriverSide.IsOpen,TML_SANDBOX_SENSORS_TS,2024-08-07 11:36:21.516000000,0
179,Vehicle.Cabin.Door.Row2.PassengerSide.IsOpen,TML_SANDBOX_SENSORS_TS,2024-08-07 11:36:21.516000000,1
180,Vehicle.Cabin.Door.Row2.DriverSide.IsOpen,TML_SANDBOX_SENSORS_TS,2024-08-07 11:36:21.516000000,0
181,Vehicle.Body.Trunk.Rear.IsOpen,TML_SANDBOX_SENSORS_TS,2024-08-07 11:36:21.516000000,0
182,Vehicle.Body.Trunk.Front.IsOpen,TML_SANDBOX_SENSORS_TS,2024-08-07 11:36:21.516000000,1
183,Vehicle.Chassis.Axle.Row1.Wheel.Left.Tire.IsPressureHigh,TML_SANDBOX_SENSORS_TS,2024-08-07 11:36:21.598000000,0
184,Vehicle.Chassis.Axle.Row2.Wheel.Left.Tire.IsPressureHigh,TML_SANDBOX_SENSORS_TS,2024-08-07 11:36:21.598000000,0
185,Vehicle.Chassis.Axle.Row1.Wheel.Right.Tire.IsPressureHigh,TML_SANDBOX_SENSORS_TS,2024-08-07 11:36:21.598000000,0
186,Vehicle.Chassis.Axle.Row1.Wheel.Left.Tire.IsPressureLow,TML_SANDBOX_SENSORS_TS,2024-08-07 11:36:21.598000000,0
187,Vehicle.Chassis.Axle.Row2.Wheel.Left.Tire.IsPressureLow,TML_SANDBOX_SENSORS_TS,2024-08-07 11:36:21.598000000,0
188,Vehicle.Chassis.Axle.Row1.Wheel.Right.Tire.IsPressureLow,TML_SANDBOX_SENSORS_TS,2024-08-07 11:36:21.598000000,0
189,Vehicle.Chassis.Axle.Row2.Wheel.Right.Tire.IsPressureLow,TML_SANDBOX_SENSORS_TS,2024-08-07 11:36:21.598000000,0
190,Vehicle.Body.Lights.Hazard.IsSignaling,TML_SANDBOX_SENSORS_TS,2024-08-07 11:36:21.523000000,0
191,Vehicle.Body.Lights.Hazard.IsSignalingStatus,TML_SANDBOX_SENSORS_TS,2024-08-07 11:36:21.523000000,0
192,Vehicle.Body.Lights.PositionTelltale.IsSignaling,TML_SANDBOX_SENSORS_TS,2024-08-07 11:36:21.539000000,0
193,Vehicle.Body.Lights.PositionTelltale.IsSignalingStatus,TML_SANDBOX_SENSORS_TS,2024-08-07 11:36:21.539000000,0
194,Vehicle.Body.Lights.Approch.IsOn,TML_SANDBOX_SENSORS_TS,2024-08-07 11:36:21.523000000,0
195,Vehicle.Body.Lights.Approch.IsOnStatus,TML_SANDBOX_SENSORS_TS,2024-08-07 11:36:21.523000000,1
196,Vehicle.Body.Lights.Beam.Low.IsOn,TML_SANDBOX_SENSORS_TS,2024-08-07 11:36:21.523000000,0
197,Vehicle.Body.Lights.Beam.Low.IsOnStatus,TML_SANDBOX_SENSORS_TS,2024-08-07 11:36:21.523000000,0
198,Vehicle.Cabin.HVAC.IsAirConditioningActiveStatus,TML_SANDBOX_SENSORS_TS,2024-08-07 11:36:21.536000000,1
199,Vehicle.Cabin.HVAC.ComfortState,TML_SANDBOX_SENSORS_TS,2024-08-07 11:36:21.602000000,0
200,Vehicle.Cabin.HVAC.InteriorAirTemperature,TML_SANDBOX_SENSORS_TS,2024-08-07 11:36:21.611000000,16.0
201,Vehicle.Body.Lights.IsHighBeamSwitchOn,TML_SANDBOX_SENSORS_TS,2024-08-07 11:36:23.272000000,0
202,Vehicle.Body.Lights.IsHighBeamSwitchOn,TML_SANDBOX_SENSORS_TS,2024-08-07 11:36:25.528000000,0
203,Vehicle.Cabin.HVAC.AQILevel,TML_SANDBOX_SENSORS_TS,2024-08-07 11:36:23.257000000,0
204,Vehicle.Cabin.HVAC.AQILevel,TML_SANDBOX_SENSORS_TS,2024-08-07 11:36:25.618000000,0
205,Vehicle.Cabin.HVAC.AQIValue,TML_SANDBOX_SENSORS_TS,2024-08-07 11:36:23.257000000,8
206,Vehicle.Cabin.HVAC.AQIValue,TML_SANDBOX_SENSORS_TS,2024-08-07 11:36:25.618000000,8
207,Vehicle.Cabin.HVAC.AmbientAirTemperature,TML_SANDBOX_SENSORS_TS,2024-08-07 11:36:23.264000000,26.0
208,Vehicle.Cabin.HVAC.AmbientAirTemperature,TML_SANDBOX_SENSORS_TS,2024-08-07 11:36:25.530000000,26.0
209,Vehicle.Cabin.HVAC.DominantPollutantValue,TML_SANDBOX_SENSORS_TS,2024-08-07 11:36:23.257000000,1
210,Vehicle.Cabin.HVAC.DominantPollutantValue,TML_SANDBOX_SENSORS_TS,2024-08-07 11:36:25.618000000,1
211,Vehicle.Cabin.HVAC.IsAirConditioningActive,TML_SANDBOX_SENSORS_TS,2024-08-07 11:36:23.264000000,1
212,Vehicle.Cabin.HVAC.IsAirConditioningActive,TML_SANDBOX_SENSORS_TS,2024-08-07 11:36:25.530000000,1
213,Vehicle.Chassis.Accelerator.PedalPosition,TML_SANDBOX_SENSORS_TS,2024-08-07 11:36:23.325000000,0.0
214,Vehicle.Chassis.Accelerator.PedalPosition,TML_SANDBOX_SENSORS_TS,2024-08-07 11:36:25.619000000,0.0
215,Vehicle.Chassis.Axle.Row1.Wheel.Left.Tire.Pressure,TML_SANDBOX_SENSORS_TS,2024-08-07 11:36:23.316000000,0.0
216,Vehicle.Chassis.Axle.Row1.Wheel.Left.Tire.Pressure,TML_SANDBOX_SENSORS_TS,2024-08-07 11:36:25.589000000,0.0
217,Vehicle.Chassis.Axle.Row1.Wheel.Right.Tire.Pressure,TML_SANDBOX_SENSORS_TS,2024-08-07 11:36:23.316000000,0.0
218,Vehicle.Chassis.Axle.Row1.Wheel.Right.Tire.Pressure,TML_SANDBOX_SENSORS_TS,2024-08-07 11:36:25.589000000,0.0
219,Vehicle.Chassis.Axle.Row2.Wheel.Left.Tire.Pressure,TML_SANDBOX_SENSORS_TS,2024-08-07 11:36:23.316000000,0.0
220,Vehicle.Chassis.Axle.Row2.Wheel.Left.Tire.Pressure,TML_SANDBOX_SENSORS_TS,2024-08-07 11:36:25.589000000,0.0
221,Vehicle.Chassis.Axle.Row2.Wheel.Right.Tire.Pressure,TML_SANDBOX_SENSORS_TS,2024-08-07 11:36:23.316000000,0.0
222,Vehicle.Chassis.Axle.Row2.Wheel.Right.Tire.Pressure,TML_SANDBOX_SENSORS_TS,2024-08-07 11:36:25.589000000,0.0
223,Vehicle.Chassis.Brake.PedalPosition,TML_SANDBOX_SENSORS_TS,2024-08-07 11:36:23.325000000,1.0
224,Vehicle.Chassis.Brake.PedalPosition,TML_SANDBOX_SENSORS_TS,2024-08-07 11:36:25.619000000,1.0
225,Vehicle.Chassis.ParkingBrake.IsEngaged,TML_SANDBOX_SENSORS_TS,2024-08-07 11:36:23.251000000,1
226,Vehicle.Chassis.ParkingBrake.IsEngaged,TML_SANDBOX_SENSORS_TS,2024-08-07 11:36:25.617000000,1
227,Vehicle.IgnitionStatus,TML_SANDBOX_SENSORS_TS,2024-08-07 11:36:23.299000000,0.0
228,Vehicle.IgnitionStatus,TML_SANDBOX_SENSORS_TS,2024-08-07 11:36:25.572000000,0.0
229,Vehicle.Exterior.AirTemperature,TML_SANDBOX_SENSORS_TS,2024-08-07 11:36:23.251000000,31.0
230,Vehicle.Exterior.AirTemperature,TML_SANDBOX_SENSORS_TS,2024-08-07 11:36:25.617000000,31.0
231,Vehicle.Powertrain.CombustionEngine.EngineError,TML_SANDBOX_SENSORS_TS,2024-08-07 11:36:23.292000000,0.0
232,Vehicle.Powertrain.CombustionEngine.EngineError,TML_SANDBOX_SENSORS_TS,2024-08-07 11:36:25.573000000,0.0
233,Vehicle.Powertrain.CombustionEngine.Speed,TML_SANDBOX_SENSORS_TS,2024-08-07 11:36:23.325000000,854
234,Vehicle.Powertrain.CombustionEngine.Speed,TML_SANDBOX_SENSORS_TS,2024-08-07 11:36:25.619000000,842
235,Vehicle.Powertrain.FuelSystem.AbsoluteLevel,TML_SANDBOX_SENSORS_TS,2024-08-07 11:36:23.324000000,18.6
236,Vehicle.Powertrain.FuelSystem.AbsoluteLevel,TML_SANDBOX_SENSORS_TS,2024-08-07 11:36:25.594000000,18.6
237,Vehicle.Powertrain.Transmission.CurrentGear,TML_SANDBOX_SENSORS_TS,2024-08-07 11:36:25.602000000,1
238,Vehicle.Powertrain.Transmission.CurrentGear,TML_SANDBOX_SENSORS_TS,2024-08-07 11:36:23.325000000,1
239,Vehicle.TraveledDistance,TML_SANDBOX_SENSORS_TS,2024-08-07 11:36:25.525000000,952135.0
240,Vehicle.TraveledDistance,TML_SANDBOX_SENSORS_TS,2024-08-07 11:36:23.804000000,952135.0
241,Vehicle.TraveledDistanceStatus,TML_SANDBOX_SENSORS_TS,2024-08-07 11:36:25.525000000,0.0
242,Vehicle.TraveledDistanceStatus,TML_SANDBOX_SENSORS_TS,2024-08-07 11:36:23.804000000,0.0
243,Vehicle.Cabin.Seat.Row1.DriverSide.IsBelted,TML_SANDBOX_SENSORS_TS,2024-08-07 11:36:25.573000000,1
244,Vehicle.Cabin.Seat.Row1.DriverSide.IsBelted,TML_SANDBOX_SENSORS_TS,2024-08-07 11:36:23.297000000,1
245,Vehicle.Cabin.Seat.Row1.PassengerSide.IsBelted,TML_SANDBOX_SENSORS_TS,2024-08-07 11:36:25.573000000,0
246,Vehicle.Cabin.Seat.Row1.PassengerSide.IsBelted,TML_SANDBOX_SENSORS_TS,2024-08-07 11:36:23.297000000,0
247,Vehicle.Cabin.Seat.Row2.DriverSide.IsBelted,TML_SANDBOX_SENSORS_TS,2024-08-07 11:36:25.573000000,0
248,Vehicle.Cabin.Seat.Row2.DriverSide.IsBelted,TML_SANDBOX_SENSORS_TS,2024-08-07 11:36:23.297000000,0
249,Vehicle.Cabin.Seat.Row2.PassengerSide.IsBelted,TML_SANDBOX_SENSORS_TS,2024-08-07 11:36:25.573000000,1
250,Vehicle.Cabin.Seat.Row2.PassengerSide.IsBelted,TML_SANDBOX_SENSORS_TS,2024-08-07 11:36:23.297000000,1
251,Vehicle.Cabin.Seat.Row2.Middle.IsBelted,TML_SANDBOX_SENSORS_TS,2024-08-07 11:36:25.573000000,0
252,Vehicle.Cabin.Seat.Row2.Middle.IsBelted,TML_SANDBOX_SENSORS_TS,2024-08-07 11:36:23.297000000,0
253,Vehicle.Cabin.Door.Row1.PassengerSide.IsOpen,TML_SANDBOX_SENSORS_TS,2024-08-07 11:36:25.528000000,0
254,Vehicle.Cabin.Door.Row1.PassengerSide.IsOpen,TML_SANDBOX_SENSORS_TS,2024-08-07 11:36:23.272000000,0
255,Vehicle.Cabin.Door.Row1.DriverSide.IsOpen,TML_SANDBOX_SENSORS_TS,2024-08-07 11:36:25.528000000,0
256,Vehicle.Cabin.Door.Row1.DriverSide.IsOpen,TML_SANDBOX_SENSORS_TS,2024-08-07 11:36:23.272000000,0
257,Vehicle.Cabin.Door.Row2.PassengerSide.IsOpen,TML_SANDBOX_SENSORS_TS,2024-08-07 11:36:25.528000000,1
258,Vehicle.Cabin.Door.Row2.PassengerSide.IsOpen,TML_SANDBOX_SENSORS_TS,2024-08-07 11:36:23.272000000,1
259,Vehicle.Cabin.Door.Row2.DriverSide.IsOpen,TML_SANDBOX_SENSORS_TS,2024-08-07 11:36:25.528000000,0
260,Vehicle.Cabin.Door.Row2.DriverSide.IsOpen,TML_SANDBOX_SENSORS_TS,2024-08-07 11:36:23.272000000,0
261,Vehicle.Body.Trunk.Rear.IsOpen,TML_SANDBOX_SENSORS_TS,2024-08-07 11:36:25.528000000,0
262,Vehicle.Body.Trunk.Rear.IsOpen,TML_SANDBOX_SENSORS_TS,2024-08-07 11:36:23.272000000,0
263,Vehicle.Body.Trunk.Front.IsOpen,TML_SANDBOX_SENSORS_TS,2024-08-07 11:36:25.528000000,1
264,Vehicle.Body.Trunk.Front.IsOpen,TML_SANDBOX_SENSORS_TS,2024-08-07 11:36:23.272000000,1
265,Vehicle.Chassis.Axle.Row1.Wheel.Left.Tire.IsPressureHigh,TML_SANDBOX_SENSORS_TS,2024-08-07 11:36:25.617000000,0
266,Vehicle.Chassis.Axle.Row1.Wheel.Left.Tire.IsPressureHigh,TML_SANDBOX_SENSORS_TS,2024-08-07 11:36:23.242000000,0
267,Vehicle.Chassis.Axle.Row2.Wheel.Left.Tire.IsPressureHigh,TML_SANDBOX_SENSORS_TS,2024-08-07 11:36:25.617000000,0
268,Vehicle.Chassis.Axle.Row2.Wheel.Left.Tire.IsPressureHigh,TML_SANDBOX_SENSORS_TS,2024-08-07 11:36:23.242000000,0
269,Vehicle.Chassis.Axle.Row1.Wheel.Right.Tire.IsPressureHigh,TML_SANDBOX_SENSORS_TS,2024-08-07 11:36:25.617000000,0
270,Vehicle.Chassis.Axle.Row1.Wheel.Right.Tire.IsPressureHigh,TML_SANDBOX_SENSORS_TS,2024-08-07 11:36:23.242000000,0
271,Vehicle.Chassis.Axle.Row1.Wheel.Left.Tire.IsPressureLow,TML_SANDBOX_SENSORS_TS,2024-08-07 11:36:25.617000000,0
272,Vehicle.Chassis.Axle.Row1.Wheel.Left.Tire.IsPressureLow,TML_SANDBOX_SENSORS_TS,2024-08-07 11:36:23.242000000,0
273,Vehicle.Chassis.Axle.Row2.Wheel.Left.Tire.IsPressureLow,TML_SANDBOX_SENSORS_TS,2024-08-07 11:36:25.617000000,0
274,Vehicle.Chassis.Axle.Row2.Wheel.Left.Tire.IsPressureLow,TML_SANDBOX_SENSORS_TS,2024-08-07 11:36:23.242000000,0
275,Vehicle.Chassis.Axle.Row1.Wheel.Right.Tire.IsPressureLow,TML_SANDBOX_SENSORS_TS,2024-08-07 11:36:25.617000000,0
276,Vehicle.Chassis.Axle.Row1.Wheel.Right.Tire.IsPressureLow,TML_SANDBOX_SENSORS_TS,2024-08-07 11:36:23.242000000,0
277,Vehicle.Chassis.Axle.Row2.Wheel.Right.Tire.IsPressureLow,TML_SANDBOX_SENSORS_TS,2024-08-07 11:36:25.617000000,0
278,Vehicle.Chassis.Axle.Row2.Wheel.Right.Tire.IsPressureLow,TML_SANDBOX_SENSORS_TS,2024-08-07 11:36:23.242000000,0
279,Vehicle.Body.Lights.Hazard.IsSignaling,TML_SANDBOX_SENSORS_TS,2024-08-07 11:36:23.846000000,0
280,Vehicle.Body.Lights.Hazard.IsSignaling,TML_SANDBOX_SENSORS_TS,2024-08-07 11:36:25.546000000,0
281,Vehicle.Body.Lights.Hazard.IsSignalingStatus,TML_SANDBOX_SENSORS_TS,2024-08-07 11:36:23.846000000,0
282,Vehicle.Body.Lights.Hazard.IsSignalingStatus,TML_SANDBOX_SENSORS_TS,2024-08-07 11:36:25.546000000,0
283,Vehicle.Body.Lights.PositionTelltale.IsSignaling,TML_SANDBOX_SENSORS_TS,2024-08-07 11:36:23.289000000,0
284,Vehicle.Body.Lights.PositionTelltale.IsSignaling,TML_SANDBOX_SENSORS_TS,2024-08-07 11:36:25.557000000,0
285,Vehicle.Body.Lights.PositionTelltale.IsSignalingStatus,TML_SANDBOX_SENSORS_TS,2024-08-07 11:36:23.289000000,0
286,Vehicle.Body.Lights.PositionTelltale.IsSignalingStatus,TML_SANDBOX_SENSORS_TS,2024-08-07 11:36:25.557000000,0
287,Vehicle.Body.Lights.Approch.IsOn,TML_SANDBOX_SENSORS_TS,2024-08-07 11:36:23.846000000,0
288,Vehicle.Body.Lights.Approch.IsOn,TML_SANDBOX_SENSORS_TS,2024-08-07 11:36:25.546000000,0
289,Vehicle.Body.Lights.Approch.IsOnStatus,TML_SANDBOX_SENSORS_TS,2024-08-07 11:36:23.846000000,1
290,Vehicle.Body.Lights.Approch.IsOnStatus,TML_SANDBOX_SENSORS_TS,2024-08-07 11:36:25.546000000,1
291,Vehicle.Body.Lights.Beam.Low.IsOn,TML_SANDBOX_SENSORS_TS,2024-08-07 11:36:23.846000000,0
292,Vehicle.Body.Lights.Beam.Low.IsOn,TML_SANDBOX_SENSORS_TS,2024-08-07 11:36:25.546000000,0
293,Vehicle.Body.Lights.Beam.Low.IsOnStatus,TML_SANDBOX_SENSORS_TS,2024-08-07 11:36:23.846000000,0
294,Vehicle.Body.Lights.Beam.Low.IsOnStatus,TML_SANDBOX_SENSORS_TS,2024-08-07 11:36:25.546000000,0
295,Vehicle.Cabin.HVAC.IsAirConditioningActiveStatus,TML_SANDBOX_SENSORS_TS,2024-08-07 11:36:23.291000000,1
296,Vehicle.Cabin.HVAC.IsAirConditioningActiveStatus,TML_SANDBOX_SENSORS_TS,2024-08-07 11:36:25.568000000,1
297,Vehicle.Cabin.HVAC.ComfortState,TML_SANDBOX_SENSORS_TS,2024-08-07 11:36:23.261000000,0
298,Vehicle.Cabin.HVAC.ComfortState,TML_SANDBOX_SENSORS_TS,2024-08-07 11:36:25.619000000,0
299,Vehicle.Cabin.HVAC.InteriorAirTemperature,TML_SANDBOX_SENSORS_TS,2024-08-07 11:36:23.293000000,16.0
300,Vehicle.Cabin.HVAC.InteriorAirTemperature,TML_SANDBOX_SENSORS_TS,2024-08-07 11:36:25.619000000,16.0
301,Vehicle.Body.Lights.IsHighBeamSwitchOn,TML_SANDBOX_SENSORS_TS,2024-08-07 11:36:27.815000000,0
302,Vehicle.Cabin.HVAC.AQILevel,TML_SANDBOX_SENSORS_TS,2024-08-07 11:36:27.273000000,0
303,Vehicle.Cabin.HVAC.AQIValue,TML_SANDBOX_SENSORS_TS,2024-08-07 11:36:27.273000000,8
304,Vehicle.Cabin.HVAC.AmbientAirTemperature,TML_SANDBOX_SENSORS_TS,2024-08-07 11:36:27.280000000,26.0
305,Vehicle.Cabin.HVAC.DominantPollutantValue,TML_SANDBOX_SENSORS_TS,2024-08-07 11:36:27.273000000,1
306,Vehicle.Cabin.HVAC.IsAirConditioningActive,TML_SANDBOX_SENSORS_TS,2024-08-07 11:36:27.280000000,1
307,Vehicle.Chassis.Accelerator.PedalPosition,TML_SANDBOX_SENSORS_TS,2024-08-07 11:36:27.342000000,0.0
308,Vehicle.Chassis.Axle.Row1.Wheel.Left.Tire.Pressure,TML_SANDBOX_SENSORS_TS,2024-08-07 11:36:27.341000000,0.0
309,Vehicle.Chassis.Axle.Row1.Wheel.Right.Tire.Pressure,TML_SANDBOX_SENSORS_TS,2024-08-07 11:36:27.341000000,0.0
310,Vehicle.Chassis.Axle.Row2.Wheel.Left.Tire.Pressure,TML_SANDBOX_SENSORS_TS,2024-08-07 11:36:27.341000000,0.0
311,Vehicle.Chassis.Axle.Row2.Wheel.Right.Tire.Pressure,TML_SANDBOX_SENSORS_TS,2024-08-07 11:36:27.341000000,0.0
312,Vehicle.Chassis.Brake.PedalPosition,TML_SANDBOX_SENSORS_TS,2024-08-07 11:36:27.342000000,1.0
313,Vehicle.Chassis.ParkingBrake.IsEngaged,TML_SANDBOX_SENSORS_TS,2024-08-07 11:36:27.268000000,1
314,Vehicle.IgnitionStatus,TML_SANDBOX_SENSORS_TS,2024-08-07 11:36:27.318000000,0.0
315,Vehicle.Exterior.AirTemperature,TML_SANDBOX_SENSORS_TS,2024-08-07 11:36:27.268000000,31.0
316,Vehicle.Powertrain.CombustionEngine.EngineError,TML_SANDBOX_SENSORS_TS,2024-08-07 11:36:27.313000000,0.0
317,Vehicle.Powertrain.CombustionEngine.Speed,TML_SANDBOX_SENSORS_TS,2024-08-07 11:36:27.342000000,846
318,Vehicle.Powertrain.FuelSystem.AbsoluteLevel,TML_SANDBOX_SENSORS_TS,2024-08-07 11:36:27.252000000,18.6
319,Vehicle.Powertrain.Transmission.CurrentGear,TML_SANDBOX_SENSORS_TS,2024-08-07 11:36:27.347000000,1
320,Vehicle.TraveledDistance,TML_SANDBOX_SENSORS_TS,2024-08-07 11:36:27.821000000,952135.0
321,Vehicle.TraveledDistanceStatus,TML_SANDBOX_SENSORS_TS,2024-08-07 11:36:27.821000000,0.0
322,Vehicle.Cabin.Seat.Row1.DriverSide.IsBelted,TML_SANDBOX_SENSORS_TS,2024-08-07 11:36:27.317000000,1
323,Vehicle.Cabin.Seat.Row1.PassengerSide.IsBelted,TML_SANDBOX_SENSORS_TS,2024-08-07 11:36:27.317000000,0
324,Vehicle.Cabin.Seat.Row2.DriverSide.IsBelted,TML_SANDBOX_SENSORS_TS,2024-08-07 11:36:27.317000000,0
325,Vehicle.Cabin.Seat.Row2.PassengerSide.IsBelted,TML_SANDBOX_SENSORS_TS,2024-08-07 11:36:27.317000000,1
326,Vehicle.Cabin.Seat.Row2.Middle.IsBelted,TML_SANDBOX_SENSORS_TS,2024-08-07 11:36:27.317000000,0
327,Vehicle.Cabin.Door.Row1.PassengerSide.IsOpen,TML_SANDBOX_SENSORS_TS,2024-08-07 11:36:27.815000000,0
328,Vehicle.Cabin.Door.Row1.DriverSide.IsOpen,TML_SANDBOX_SENSORS_TS,2024-08-07 11:36:27.815000000,0
329,Vehicle.Cabin.Door.Row2.PassengerSide.IsOpen,TML_SANDBOX_SENSORS_TS,2024-08-07 11:36:27.815000000,1
330,Vehicle.Cabin.Door.Row2.DriverSide.IsOpen,TML_SANDBOX_SENSORS_TS,2024-08-07 11:36:27.815000000,0
331,Vehicle.Body.Trunk.Rear.IsOpen,TML_SANDBOX_SENSORS_TS,2024-08-07 11:36:27.815000000,0
332,Vehicle.Body.Trunk.Front.IsOpen,TML_SANDBOX_SENSORS_TS,2024-08-07 11:36:27.815000000,1
333,Vehicle.Chassis.Axle.Row1.Wheel.Left.Tire.IsPressureHigh,TML_SANDBOX_SENSORS_TS,2024-08-07 11:36:27.265000000,0
334,Vehicle.Chassis.Axle.Row2.Wheel.Left.Tire.IsPressureHigh,TML_SANDBOX_SENSORS_TS,2024-08-07 11:36:27.265000000,0
335,Vehicle.Chassis.Axle.Row1.Wheel.Right.Tire.IsPressureHigh,TML_SANDBOX_SENSORS_TS,2024-08-07 11:36:27.265000000,0
336,Vehicle.Chassis.Axle.Row1.Wheel.Left.Tire.IsPressureLow,TML_SANDBOX_SENSORS_TS,2024-08-07 11:36:27.265000000,0
337,Vehicle.Chassis.Axle.Row2.Wheel.Left.Tire.IsPressureLow,TML_SANDBOX_SENSORS_TS,2024-08-07 11:36:27.265000000,0
338,Vehicle.Chassis.Axle.Row1.Wheel.Right.Tire.IsPressureLow,TML_SANDBOX_SENSORS_TS,2024-08-07 11:36:27.265000000,0
339,Vehicle.Chassis.Axle.Row2.Wheel.Right.Tire.IsPressureLow,TML_SANDBOX_SENSORS_TS,2024-08-07 11:36:27.265000000,0
340,Vehicle.Body.Lights.Hazard.IsSignaling,TML_SANDBOX_SENSORS_TS,2024-08-07 11:36:27.831000000,0
341,Vehicle.Body.Lights.Hazard.IsSignalingStatus,TML_SANDBOX_SENSORS_TS,2024-08-07 11:36:27.831000000,0
342,Vehicle.Body.Lights.PositionTelltale.IsSignaling,TML_SANDBOX_SENSORS_TS,2024-08-07 11:36:27.841000000,0
343,Vehicle.Body.Lights.PositionTelltale.IsSignalingStatus,TML_SANDBOX_SENSORS_TS,2024-08-07 11:36:27.841000000,0
344,Vehicle.Body.Lights.Approch.IsOn,TML_SANDBOX_SENSORS_TS,2024-08-07 11:36:27.831000000,0
345,Vehicle.Body.Lights.Approch.IsOnStatus,TML_SANDBOX_SENSORS_TS,2024-08-07 11:36:27.831000000,1
346,Vehicle.Body.Lights.Beam.Low.IsOn,TML_SANDBOX_SENSORS_TS,2024-08-07 11:36:27.831000000,0
347,Vehicle.Body.Lights.Beam.Low.IsOnStatus,TML_SANDBOX_SENSORS_TS,2024-08-07 11:36:27.831000000,0
348,Vehicle.Cabin.HVAC.IsAirConditioningActiveStatus,TML_SANDBOX_SENSORS_TS,2024-08-07 11:36:27.853000000,1
349,Vehicle.Cabin.HVAC.ComfortState,TML_SANDBOX_SENSORS_TS,2024-08-07 11:36:27.276000000,0
350,Vehicle.Cabin.HVAC.InteriorAirTemperature,TML_SANDBOX_SENSORS_TS,2024-08-07 11:36:27.315000000,16.0
351,Vehicle.Body.Lights.IsHighBeamSwitchOn,TML_SANDBOX_SENSORS_TS,2024-08-07 11:36:29.536000000,0
352,Vehicle.Cabin.HVAC.AQILevel,TML_SANDBOX_SENSORS_TS,2024-08-07 11:36:29.563000000,0
353,Vehicle.Cabin.HVAC.AQIValue,TML_SANDBOX_SENSORS_TS,2024-08-07 11:36:29.563000000,8
354,Vehicle.Cabin.HVAC.AmbientAirTemperature,TML_SANDBOX_SENSORS_TS,2024-08-07 11:36:29.571000000,26.0
355,Vehicle.Cabin.HVAC.DominantPollutantValue,TML_SANDBOX_SENSORS_TS,2024-08-07 11:36:29.563000000,1
356,Vehicle.Cabin.HVAC.IsAirConditioningActive,TML_SANDBOX_SENSORS_TS,2024-08-07 11:36:29.571000000,1
357,Vehicle.Chassis.Accelerator.PedalPosition,TML_SANDBOX_SENSORS_TS,2024-08-07 11:36:29.634000000,4.0
358,Vehicle.Chassis.Axle.Row1.Wheel.Left.Tire.Pressure,TML_SANDBOX_SENSORS_TS,2024-08-07 11:36:29.617000000,0.0
359,Vehicle.Chassis.Axle.Row1.Wheel.Right.Tire.Pressure,TML_SANDBOX_SENSORS_TS,2024-08-07 11:36:29.617000000,0.0
360,Vehicle.Chassis.Axle.Row2.Wheel.Left.Tire.Pressure,TML_SANDBOX_SENSORS_TS,2024-08-07 11:36:29.617000000,0.0
361,Vehicle.Chassis.Axle.Row2.Wheel.Right.Tire.Pressure,TML_SANDBOX_SENSORS_TS,2024-08-07 11:36:29.617000000,0.0
362,Vehicle.Chassis.Brake.PedalPosition,TML_SANDBOX_SENSORS_TS,2024-08-07 11:36:29.634000000,1.0
363,Vehicle.Chassis.ParkingBrake.IsEngaged,TML_SANDBOX_SENSORS_TS,2024-08-07 11:36:29.561000000,1
364,Vehicle.IgnitionStatus,TML_SANDBOX_SENSORS_TS,2024-08-07 11:36:29.612000000,0.0
365,Vehicle.Exterior.AirTemperature,TML_SANDBOX_SENSORS_TS,2024-08-07 11:36:29.561000000,31.0
366,Vehicle.Powertrain.CombustionEngine.EngineError,TML_SANDBOX_SENSORS_TS,2024-08-07 11:36:29.596000000,0.0
367,Vehicle.Powertrain.CombustionEngine.Speed,TML_SANDBOX_SENSORS_TS,2024-08-07 11:36:29.634000000,824
368,Vehicle.Powertrain.FuelSystem.AbsoluteLevel,TML_SANDBOX_SENSORS_TS,2024-08-07 11:36:29.630000000,18.6
369,Vehicle.Powertrain.Transmission.CurrentGear,TML_SANDBOX_SENSORS_TS,2024-08-07 11:36:29.641000000,1
370,Vehicle.TraveledDistance,TML_SANDBOX_SENSORS_TS,2024-08-07 11:36:29.533000000,952135.0
371,Vehicle.TraveledDistanceStatus,TML_SANDBOX_SENSORS_TS,2024-08-07 11:36:29.533000000,0.0
372,Vehicle.Cabin.Seat.Row1.DriverSide.IsBelted,TML_SANDBOX_SENSORS_TS,2024-08-07 11:36:29.606000000,1
373,Vehicle.Cabin.Seat.Row1.PassengerSide.IsBelted,TML_SANDBOX_SENSORS_TS,2024-08-07 11:36:29.606000000,0
374,Vehicle.Cabin.Seat.Row2.DriverSide.IsBelted,TML_SANDBOX_SENSORS_TS,2024-08-07 11:36:29.606000000,0
375,Vehicle.Cabin.Seat.Row2.PassengerSide.IsBelted,TML_SANDBOX_SENSORS_TS,2024-08-07 11:36:29.606000000,1
376,Vehicle.Cabin.Seat.Row2.Middle.IsBelted,TML_SANDBOX_SENSORS_TS,2024-08-07 11:36:29.606000000,0
377,Vehicle.Cabin.Door.Row1.PassengerSide.IsOpen,TML_SANDBOX_SENSORS_TS,2024-08-07 11:36:29.536000000,0
378,Vehicle.Cabin.Door.Row1.DriverSide.IsOpen,TML_SANDBOX_SENSORS_TS,2024-08-07 11:36:29.536000000,0
379,Vehicle.Cabin.Door.Row2.PassengerSide.IsOpen,TML_SANDBOX_SENSORS_TS,2024-08-07 11:36:29.536000000,1
380,Vehicle.Cabin.Door.Row2.DriverSide.IsOpen,TML_SANDBOX_SENSORS_TS,2024-08-07 11:36:29.536000000,0
381,Vehicle.Body.Trunk.Rear.IsOpen,TML_SANDBOX_SENSORS_TS,2024-08-07 11:36:29.536000000,0
382,Vehicle.Body.Trunk.Front.IsOpen,TML_SANDBOX_SENSORS_TS,2024-08-07 11:36:29.536000000,1
383,Vehicle.Chassis.Axle.Row1.Wheel.Left.Tire.IsPressureHigh,TML_SANDBOX_SENSORS_TS,2024-08-07 11:36:29.556000000,0
384,Vehicle.Chassis.Axle.Row2.Wheel.Left.Tire.IsPressureHigh,TML_SANDBOX_SENSORS_TS,2024-08-07 11:36:29.556000000,0
385,Vehicle.Chassis.Axle.Row1.Wheel.Right.Tire.IsPressureHigh,TML_SANDBOX_SENSORS_TS,2024-08-07 11:36:29.556000000,0
386,Vehicle.Chassis.Axle.Row1.Wheel.Left.Tire.IsPressureLow,TML_SANDBOX_SENSORS_TS,2024-08-07 11:36:29.556000000,0
387,Vehicle.Chassis.Axle.Row2.Wheel.Left.Tire.IsPressureLow,TML_SANDBOX_SENSORS_TS,2024-08-07 11:36:29.556000000,0
388,Vehicle.Chassis.Axle.Row1.Wheel.Right.Tire.IsPressureLow,TML_SANDBOX_SENSORS_TS,2024-08-07 11:36:29.556000000,0
389,Vehicle.Chassis.Axle.Row2.Wheel.Right.Tire.IsPressureLow,TML_SANDBOX_SENSORS_TS,2024-08-07 11:36:29.556000000,0
390,Vehicle.Body.Lights.Hazard.IsSignaling,TML_SANDBOX_SENSORS_TS,2024-08-07 11:36:29.577000000,0
391,Vehicle.Body.Lights.Hazard.IsSignalingStatus,TML_SANDBOX_SENSORS_TS,2024-08-07 11:36:29.577000000,0
392,Vehicle.Body.Lights.PositionTelltale.IsSignaling,TML_SANDBOX_SENSORS_TS,2024-08-07 11:36:29.601000000,0
393,Vehicle.Body.Lights.PositionTelltale.IsSignalingStatus,TML_SANDBOX_SENSORS_TS,2024-08-07 11:36:29.601000000,0
394,Vehicle.Body.Lights.Approch.IsOn,TML_SANDBOX_SENSORS_TS,2024-08-07 11:36:29.577000000,0
395,Vehicle.Body.Lights.Approch.IsOnStatus,TML_SANDBOX_SENSORS_TS,2024-08-07 11:36:29.577000000,1
396,Vehicle.Body.Lights.Beam.Low.IsOn,TML_SANDBOX_SENSORS_TS,2024-08-07 11:36:29.577000000,0
397,Vehicle.Body.Lights.Beam.Low.IsOnStatus,TML_SANDBOX_SENSORS_TS,2024-08-07 11:36:29.577000000,0
398,Vehicle.Cabin.HVAC.IsAirConditioningActiveStatus,TML_SANDBOX_SENSORS_TS,2024-08-07 11:36:29.595000000,1
399,Vehicle.Cabin.HVAC.ComfortState,TML_SANDBOX_SENSORS_TS,2024-08-07 11:36:29.567000000,0
400,Vehicle.Cabin.HVAC.InteriorAirTemperature,TML_SANDBOX_SENSORS_TS,2024-08-07 11:36:29.606000000,16.0
401,Vehicle.Body.Lights.IsHighBeamSwitchOn,TML_SANDBOX_SENSORS_TS,2024-08-07 11:36:31.820000000,0
402,Vehicle.Cabin.HVAC.AQILevel,TML_SANDBOX_SENSORS_TS,2024-08-07 11:36:31.277000000,0
403,Vehicle.Cabin.HVAC.AQIValue,TML_SANDBOX_SENSORS_TS,2024-08-07 11:36:31.277000000,8
404,Vehicle.Cabin.HVAC.AmbientAirTemperature,TML_SANDBOX_SENSORS_TS,2024-08-07 11:36:31.837000000,26.0
405,Vehicle.Cabin.HVAC.DominantPollutantValue,TML_SANDBOX_SENSORS_TS,2024-08-07 11:36:31.277000000,1
406,Vehicle.Cabin.HVAC.IsAirConditioningActive,TML_SANDBOX_SENSORS_TS,2024-08-07 11:36:31.837000000,1
407,Vehicle.Chassis.Accelerator.PedalPosition,TML_SANDBOX_SENSORS_TS,2024-08-07 11:36:31.341000000,0.0
408,Vehicle.Chassis.Axle.Row1.Wheel.Left.Tire.Pressure,TML_SANDBOX_SENSORS_TS,2024-08-07 11:36:31.258000000,0.0
409,Vehicle.Chassis.Axle.Row1.Wheel.Right.Tire.Pressure,TML_SANDBOX_SENSORS_TS,2024-08-07 11:36:31.258000000,0.0
410,Vehicle.Chassis.Axle.Row2.Wheel.Left.Tire.Pressure,TML_SANDBOX_SENSORS_TS,2024-08-07 11:36:31.258000000,0.0
411,Vehicle.Chassis.Axle.Row2.Wheel.Right.Tire.Pressure,TML_SANDBOX_SENSORS_TS,2024-08-07 11:36:31.258000000,0.0
412,Vehicle.Chassis.Brake.PedalPosition,TML_SANDBOX_SENSORS_TS,2024-08-07 11:36:31.341000000,1.0
413,Vehicle.Chassis.ParkingBrake.IsEngaged,TML_SANDBOX_SENSORS_TS,2024-08-07 11:36:31.271000000,1
414,Vehicle.IgnitionStatus,TML_SANDBOX_SENSORS_TS,2024-08-07 11:36:31.321000000,0.0
415,Vehicle.Exterior.AirTemperature,TML_SANDBOX_SENSORS_TS,2024-08-07 11:36:31.271000000,31.0
416,Vehicle.Service.IsServiceDueAlert,TML_ALERTS_TS,2024-08-07 11:42:05.217000000,1
417,Vehicle.Cabin.Door.Row1.DriverSide.IsLockedAlert,TML_ALERTS_TS,2024-08-07 11:42:07.464000000,0
418,Vehicle.Service.IsServiceDueAlert,TML_ALERTS_TS,2024-08-07 11:42:07.489000000,1
419,Vehicle.Service.IsServiceDueAlert,TML_ALERTS_TS,2024-08-07 11:42:12.683000000,1
420,Vehicle.Cabin.Door.Row1.DriverSide.IsLockedAlert,TML_ALERTS_TS,2024-08-07 11:42:14.911000000,0
421,Vehicle.Service.IsServiceDueAlert,TML_ALERTS_TS,2024-08-07 11:42:14.977000000,1
